label,label_id,source_file,source_path,take_id,target_mac,source_format,window_start,window_end,packet_count,duration,packet_rate,rssi_mean,rssi_std,rssi_min,rssi_max,rssi_range,rssi_median,rssi_q25,rssi_q75,rssi_iqr,rssi_diff_mean,rssi_diff_abs_mean,rssi_diff_std,rssi_diff_max_abs,len_mean,len_std,len_min,len_max,count_gap_mean,count_gap_std,count_gap_max,time_gap_mean,time_gap_std,time_gap_max
1_moving,2,1_moving_01.csv,./1_moving/1_moving_01.csv,1,0EA06D7AA587,shifted,1777283510.9493718,1777283515.9493718,16,4.835679054260254,3.3087390251641975,-82.0625,0.7473912964438374,-83.0,-81.0,2.0,-82.0,-83.0,-81.75,1.25,0.0,0.4,0.7302967433402214,2.0,128.0,0.0,128.0,128.0,1.0,0.0,1.0,0.32237860361735027,0.45666056392923243,1.9709839820861816
1_moving,2,1_moving_01.csv,./1_moving/1_moving_01.csv,1,0EA06D7AA587,shifted,1777283513.4493718,1777283518.4493718,17,4.933104991912842,3.44610545039467,-80.94117647058823,0.6389870877176598,-82.0,-80.0,2.0,-81.0,-81.0,-81.0,0.0,0.0,0.625,0.9354143466934853,2.0,128.0,0.0,128.0,128.0,1.0,0.0,1.0,0.3083190619945526,0.4485001700585717,1.9709839820861816
1_moving,2,1_moving_01.csv,./1_moving/1_moving_01.csv,1,0EA06D7AA587,shifted,1777283515.9493718,1777283520.9493718,21,4.548692941665649,4.616710837445575,-80.76190476190476,0.5259695722470125,-82.0,-80.0,2.0,-81.0,-81.0,-80.0,1.0,0.0,0.6,0.8944271909999159,2.0,128.0,0.0,128.0,128.0,1.0,0.0,1.0,0.22743464708328248,0.15861133846554254,0.5281929969787598
1_moving,2,1_moving_01.csv,./1_moving/1_moving_01.csv,1,0EA06D7AA587,shifted,1777283518.4493718,1777283523.4493718,18,4.084998846054077,4.406365993808586,-80.44444444444444,0.5983516452371671,-81.0,-79.0,2.0,-80.5,-81.0,-80.0,1.0,0.11764705882352941,0.35294117647058826,0.582323231565392,1.0,128.0,0.0,128.0,128.0,1.0,0.0,1.0,0.2402940497678869,0.16131528503590603,0.5281929969787598
1_moving,2,1_moving_01.csv,./1_moving/1_moving_01.csv,1,0EA06D7AA587,shifted,1777283520.9493718,1777283525.9493718,19,4.1966071128845215,4.527466948637092,-80.84210526315789,1.4960705687949363,-84.0,-78.0,6.0,-81.0,-81.0,-80.0,1.0,-0.16666666666666666,0.9444444444444444,1.3437096247164249,3.0,128.0,0.0,128.0,128.0,1.0,0.0,1.0,0.23314483960469565,0.16944755954442325,0.7224421501159668
1_moving,2,1_moving_01.csv,./1_moving/1_moving_01.csv,1,0EA06D7AA587,shifted,1777283523.4493718,1777283528.4493718,22,4.6097190380096436,4.772525140599247,-81.54545454545455,1.5293276219327927,-84.0,-78.0,6.0,-82.0,-82.0,-81.0,1.0,-0.047619047619047616,1.6666666666666667,1.98748921473421,5.0,128.0,0.0,128.0,128.0,1.0,0.0,1.0,0.2195104303814116,0.16131342196149095,0.7757346630096436
1_moving,2,1_moving_01.csv,./1_moving/1_moving_01.csv,1,0EA06D7AA587,shifted,1777283525.9493718,1777283530.9493718,25,4.84144926071167,5.163743055798363,-81.36,0.9748846085563154,-84.0,-79.0,5.0,-81.0,-82.0,-81.0,1.0,-0.041666666666666664,0.875,1.4282613750835509,5.0,128.0,0.0,128.0,128.0,1.0,0.0,1.0,0.20172705252965292,0.1516811182585609,0.719628095626831
1_moving,2,1_moving_01.csv,./1_moving/1_moving_01.csv,1,0EA06D7AA587,shifted,1777283528.4493718,1777283533.4493718,22,4.788404941558838,4.594431813621433,-80.95454545454545,0.5622416762205902,-82.0,-80.0,2.0,-81.0,-81.0,-81.0,0.0,0.047619047619047616,0.42857142857142855,0.7221786137191952,2.0,128.0,0.0,128.0,128.0,1.0,0.0,1.0,0.22801928293137325,0.1847954948306678,0.719628095626831
1_moving,2,1_moving_01.csv,./1_moving/1_moving_01.csv,1,0EA06D7AA587,shifted,1777283530.9493718,1777283535.9493718,20,4.515813827514648,4.428880543777272,-81.2,1.3266499161421599,-84.0,-80.0,4.0,-81.0,-81.25,-80.0,1.25,0.05263157894736842,0.7894736842105263,1.2762479634718045,4.0,128.0,0.0,128.0,128.0,1.0,0.0,1.0,0.23767441197445519,0.18138814837892406,0.6918022632598877
1_moving,2,1_moving_01.csv,./1_moving/1_moving_01.csv,1,0EA06D7AA587,shifted,1777283533.4493718,1777283538.4493718,22,4.912676095962524,4.478210973054109,-82.22727272727273,1.4438527431153267,-85.0,-80.0,5.0,-82.0,-83.0,-81.0,2.0,-0.09523809523809523,1.0476190476190477,1.540091583694879,4.0,128.0,0.0,128.0,128.0,1.0,0.0,1.0,0.2339369569505964,0.17932535340067482,0.7631208896636963
1_moving,2,1_moving_01.csv,./1_moving/1_moving_01.csv,1,0EA06D7AA587,shifted,1777283535.9493718,1777283540.9493718,20,4.894921064376831,4.08586772635652,-82.25,1.1779218989389746,-85.0,-80.0,5.0,-82.0,-83.0,-81.0,2.0,0.0,1.0526315789473684,1.4142135623730951,3.0,128.0,0.0,128.0,128.0,1.0,0.0,1.0,0.2576274244408858,0.18032529499826846,0.7631208896636963
1_moving,2,1_moving_02.csv,./1_moving/1_moving_02.csv,2,0EA06D7AA587,shifted,1777283552.03793,1777283557.03793,25,4.951357841491699,5.049120019260864,-81.0,0.6928203230275509,-83.0,-80.0,3.0,-81.0,-81.0,-81.0,0.0,0.0,0.6666666666666666,0.9128709291752769,2.0,128.0,0.0,128.0,128.0,1.0,0.0,1.0,0.2063065767288208,0.1683174876922496,0.6238243579864502
1_moving,2,1_moving_02.csv,./1_moving/1_moving_02.csv,2,0EA06D7AA587,shifted,1777283554.53793,1777283559.53793,23,4.811347961425781,4.780365125199601,-80.95652173913044,0.8064016083039741,-83.0,-80.0,3.0,-81.0,-81.0,-80.0,1.0,0.0,0.9090909090909091,1.087114613009218,2.0,128.0,0.0,128.0,128.0,1.0,0.0,1.0,0.2186976346102628,0.21716065307899385,1.0110251903533936
1_moving,2,1_moving_02.csv,./1_moving/1_moving_02.csv,2,0EA06D7AA587,shifted,1777283557.03793,1777283562.03793,13,3.1524059772491455,4.123834332830465,-80.92307692307692,0.8284868934053082,-83.0,-80.0,3.0,-81.0,-81.0,-80.0,1.0,0.08333333333333333,0.9166666666666666,1.1873172373979173,2.0,128.0,0.0,128.0,128.0,1.0,0.0,1.0,0.26270049810409546,0.22451217765550077,0.8153929710388184
1_moving,2,1_moving_02.csv,./1_moving/1_moving_02.csv,2,0EA06D7AA587,shifted,1777283559.53793,1777283564.53793,14,4.7258312702178955,2.962441779973769,-80.92857142857143,0.9609731462195505,-83.0,-79.0,4.0,-81.0,-81.0,-80.25,0.75,0.0,1.2307692307692308,1.5191090506254998,3.0,128.0,0.0,128.0,128.0,1.0,0.0,1.0,0.3635254823244535,0.411158453280004,1.6359009742736816
1_moving,2,1_moving_02.csv,./1_moving/1_moving_02.csv,2,0EA06D7AA587,shifted,1777283562.03793,1777283567.03793,20,4.196352958679199,4.76604332308,-80.85,0.8529361054615989,-82.0,-79.0,3.0,-81.0,-81.25,-80.0,1.25,0.05263157894736842,1.105263157894737,1.3168416845470319,3.0,128.0,0.0,128.0,128.0,1.0,0.0,1.0,0.22086068203574732,0.10024586742104634,0.4668421745300293
1_moving,2,1_moving_02.csv,./1_moving/1_moving_02.csv,2,0EA06D7AA587,shifted,1777283564.53793,1777283569.53793,23,4.89637017250061,4.697357264606842,-81.0,0.8340576562282991,-83.0,-80.0,3.0,-81.0,-81.5,-80.0,1.5,0.0,0.9090909090909091,1.1677484162422844,3.0,128.0,0.0,128.0,128.0,1.0,0.0,1.0,0.22256228056820956,0.12703020106216792,0.5054008960723877
1_moving,2,1_moving_02.csv,./1_moving/1_moving_02.csv,2,0EA06D7AA587,shifted,1777283567.03793,1777283572.03793,19,4.819856882095337,3.9420257623376003,-81.10526315789474,1.0205641805087007,-83.0,-80.0,3.0,-81.0,-81.5,-80.0,1.5,0.05555555555555555,1.2777777777777777,1.614937983749848,3.0,128.0,0.0,128.0,128.0,1.0,0.0,1.0,0.26776982678307426,0.2261750251991477,1.0547878742218018
1_moving,2,1_moving_02.csv,./1_moving/1_moving_02.csv,2,0EA06D7AA587,shifted,1777283569.53793,1777283574.53793,19,4.902164936065674,3.8758385831156494,-82.15789473684211,1.3084003047006372,-84.0,-80.0,4.0,-83.0,-83.0,-81.0,2.0,-0.1111111111111111,1.4444444444444444,1.7916128329552332,3.0,128.0,0.0,128.0,128.0,1.0,0.0,1.0,0.272342496448093,0.22956990860117937,1.0547878742218018
1_moving,2,1_moving_02.csv,./1_moving/1_moving_02.csv,2,0EA06D7AA587,shifted,1777283572.03793,1777283577.03793,26,4.796141147613525,5.421024778000359,-81.65384615384616,1.3570983664905654,-84.0,-79.0,5.0,-81.0,-83.0,-81.0,2.0,0.04,1.0,1.3108775686539151,3.0,128.0,0.0,128.0,128.0,1.0,0.0,1.0,0.191845645904541,0.14580355857794702,0.604515790939331
1_moving,2,1_moving_02.csv,./1_moving/1_moving_02.csv,2,0EA06D7AA587,shifted,1777283574.53793,1777283579.53793,24,4.7195940017700195,5.085183172747302,-80.75,0.82915619758885,-82.0,-79.0,3.0,-81.0,-81.0,-80.0,1.0,0.08695652173913043,1.0434782608695652,1.2824244525002284,2.0,128.0,0.0,128.0,128.0,1.0,0.0,1.0,0.20519973920739215,0.13010386274790836,0.604515790939331
1_moving,2,1_moving_02.csv,./1_moving/1_moving_02.csv,2,0EA06D7AA587,shifted,1777283577.03793,1777283582.03793,22,4.708324909210205,4.672574731825458,-80.86363636363636,0.8684078715701272,-83.0,-80.0,3.0,-81.0,-81.0,-80.0,1.0,-0.047619047619047616,1.0952380952380953,1.2526615655205622,3.0,128.0,0.0,128.0,128.0,1.0,0.0,1.0,0.2242059480576288,0.12122739530974587,0.5471487045288086
1_moving,2,1_moving_02.csv,./1_moving/1_moving_02.csv,2,0EA06D7AA587,shifted,1777283579.53793,1777283584.53793,21,4.762986898422241,4.408998061060452,-81.61904761904762,1.2526615655205624,-84.0,-80.0,4.0,-81.0,-83.0,-81.0,2.0,-0.15,0.95,1.1521718621802912,3.0,128.0,0.0,128.0,128.0,1.0,0.0,1.0,0.23814934492111206,0.15778333903930175,0.7214970588684082
1_moving,2,1_moving_03.csv,./1_moving/1_moving_03.csv,3,0EA06D7AA587,shifted,1777283598.521734,1777283603.521734,14,4.790783166885376,2.9222779475326988,-82.21428571428571,0.8601138984851638,-84.0,-81.0,3.0,-82.0,-83.0,-82.0,1.0,-0.15384615384615385,0.9230769230769231,1.0262818510866412,2.0,128.0,0.0,128.0,128.0,1.0,0.0,1.0,0.3685217820681058,0.3791333132842835,1.0421099662780762
1_moving,2,1_moving_03.csv,./1_moving/1_moving_03.csv,3,0EA06D7AA587,shifted,1777283601.021734,1777283606.021734,18,3.9749181270599365,4.5283951579938,-80.94444444444444,1.4326441064697364,-84.0,-79.0,5.0,-80.5,-81.75,-80.0,1.75,0.29411764705882354,1.0,1.3179621472004754,4.0,128.0,0.0,128.0,128.0,1.0,0.0,1.0,0.23381871335646687,0.24453852136747786,1.0285720825195312
1_moving,2,1_moving_03.csv,./1_moving/1_moving_03.csv,3,0EA06D7AA587,shifted,1777283603.521734,1777283608.521734,24,4.600123882293701,5.21725079891396,-80.625,1.033299730636437,-83.0,-79.0,4.0,-80.5,-81.0,-80.0,1.0,0.043478260869565216,0.8260869565217391,1.1601447012283768,4.0,128.0,0.0,128.0,128.0,1.0,0.0,1.0,0.20000538618668265,0.12874293060818917,0.4685940742492676
1_moving,2,1_moving_03.csv,./1_moving/1_moving_03.csv,3,0EA06D7AA587,shifted,1777283606.021734,1777283611.021734,21,4.780351877212524,4.392982052242843,-80.9047619047619,0.8676603408708856,-82.0,-79.0,3.0,-81.0,-82.0,-80.0,2.0,-0.15,0.65,0.852936105461599,2.0,128.0,0.0,128.0,128.0,1.0,0.0,1.0,0.2390175938606262,0.21644432639073657,1.0411150455474854
1_moving,2,1_moving_03.csv,./1_moving/1_moving_03.csv,3,0EA06D7AA587,shifted,1777283608.521734,1777283613.521734,21,4.811724901199341,4.364339281899859,-81.57142857142857,1.0942024088643862,-84.0,-80.0,4.0,-82.0,-82.0,-81.0,1.0,-0.05,0.75,1.023474474522936,2.0,128.0,0.0,128.0,128.0,1.0,0.0,1.0,0.24058624505996704,0.21999927747115877,1.0411150455474854
1_moving,2,1_moving_03.csv,./1_moving/1_moving_03.csv,3,0EA06D7AA587,shifted,1777283611.021734,1777283616.021734,21,4.216357946395874,4.980601805392428,-82.14285714285714,0.9404008408634048,-84.0,-81.0,3.0,-82.0,-83.0,-81.0,2.0,0.05,1.15,1.3955285736952863,3.0,128.0,0.0,128.0,128.0,1.0,0.0,1.0,0.2108178973197937,0.11776403930758031,0.4599149227142334
1_moving,2,1_moving_03.csv,./1_moving/1_moving_03.csv,3,0EA06D7AA587,shifted,1777283613.521734,1777283618.521734,24,4.494884252548218,5.339403342009094,-81.375,1.1479147761629926,-84.0,-79.0,5.0,-81.0,-82.0,-81.0,1.0,-0.043478260869565216,1.2608695652173914,1.4589531943967406,3.0,128.0,0.0,128.0,128.0,1.0,0.0,1.0,0.19542975011079208,0.20406101697346668,1.0126299858093262
1_moving,2,1_moving_03.csv,./1_moving/1_moving_03.csv,3,0EA06D7AA587,shifted,1777283616.021734,1777283621.021734,22,4.572400093078613,4.811477463072861,-81.45454545454545,1.304790917673393,-84.0,-79.0,5.0,-81.0,-82.75,-80.25,2.5,-0.14285714285714285,1.2857142857142858,1.5822140691272524,4.0,128.0,0.0,128.0,128.0,1.0,0.0,1.0,0.21773333776564824,0.16477883127571835,0.6758532524108887
1_moving,2,1_moving_03.csv,./1_moving/1_moving_03.csv,3,0EA06D7AA587,shifted,1777283618.521734,1777283623.521734,17,4.70663595199585,3.6119215876025312,-82.52941176470588,1.0356951095093536,-84.0,-80.0,4.0,-83.0,-83.0,-82.0,1.0,-0.125,1.25,1.6153559979150107,4.0,128.0,0.0,128.0,128.0,1.0,0.0,1.0,0.2941647469997406,0.18350713510545516,0.6758532524108887
1_moving,2,1_moving_03.csv,./1_moving/1_moving_03.csv,3,0EA06D7AA587,shifted,1777283621.021734,1777283626.021734,19,4.708302974700928,4.035424249903307,-81.42105263157895,1.3500795093032274,-84.0,-80.0,4.0,-81.0,-83.0,-80.0,3.0,0.1111111111111111,1.0,1.286204100310025,3.0,128.0,0.0,128.0,128.0,1.0,0.0,1.0,0.26157238748338485,0.20993872293249244,0.7898309230804443
1_moving,2,1_moving_03.csv,./1_moving/1_moving_03.csv,3,0EA06D7AA587,shifted,1777283623.521734,1777283628.521734,20,4.191899061203003,4.771107249481418,-80.7,0.7810249675906654,-83.0,-80.0,3.0,-81.0,-81.0,-80.0,1.0,-0.05263157894736842,0.7894736842105263,1.0989796325169001,3.0,128.0,0.0,128.0,128.0,1.0,0.0,1.0,0.22062626637910543,0.15840635860747657,0.7000730037689209
1_moving,2,1_moving_03.csv,./1_moving/1_moving_03.csv,3,0EA06D7AA587,shifted,1777283626.021734,1777283631.021734,20,4.467099905014038,4.477177682449247,-80.95,0.8046738469715541,-83.0,-80.0,3.0,-81.0,-81.0,-80.0,1.0,0.0,0.8421052631578947,1.1239029738980326,3.0,128.0,0.0,128.0,128.0,1.0,0.0,1.0,0.23511052131652832,0.19577262234946344,0.8592228889465332
1_moving,2,1_moving_03.csv,./1_moving/1_moving_03.csv,3,0EA06D7AA587,shifted,1777283628.521734,1777283633.521734,21,3.5873100757598877,5.853968448922454,-80.85714285714286,0.7095078297976829,-82.0,-80.0,2.0,-81.0,-81.0,-80.0,1.0,0.0,0.6,0.7745966692414834,1.0,128.0,0.0,128.0,128.0,1.0,0.0,1.0,0.17936550378799437,0.13828917989989106,0.48385190963745117
1_moving,2,1_moving_04.csv,./1_moving/1_moving_04.csv,4,0EA06D7AA587,shifted,1777283644.806997,1777283649.806997,24,4.717702865600586,5.087221616901192,-84.5,1.0801234497346435,-86.0,-82.0,4.0,-85.0,-85.0,-84.0,1.0,0.043478260869565216,1.2608695652173914,1.5457729421418416,3.0,128.0,0.0,128.0,128.0,1.0,0.0,1.0,0.20511751589567764,0.1676602299572397,0.674483060836792
1_moving,2,1_moving_04.csv,./1_moving/1_moving_04.csv,4,0EA06D7AA587,shifted,1777283647.306997,1777283652.306997,24,4.841895818710327,4.9567361419173555,-83.79166666666667,1.039998664529057,-86.0,-82.0,4.0,-84.0,-85.0,-83.0,2.0,0.043478260869565216,1.173913043478261,1.4589531943967406,3.0,128.0,0.0,128.0,128.0,1.0,0.0,1.0,0.21051720950914465,0.17373203973304258,0.7526850700378418
1_moving,2,1_moving_04.csv,./1_moving/1_moving_04.csv,4,0EA06D7AA587,shifted,1777283649.806997,1777283654.806997,23,4.365653038024902,5.268398519000402,-83.1304347826087,0.9465887416120539,-85.0,-81.0,4.0,-83.0,-84.0,-82.5,1.5,0.045454545454545456,1.0454545454545454,1.3306619243913134,3.0,128.0,0.0,128.0,128.0,1.0,0.0,1.0,0.19843877445567737,0.1409265089147273,0.48044490814208984
1_moving,2,1_moving_04.csv,./1_moving/1_moving_04.csv,4,0EA06D7AA587,shifted,1777283652.306997,1777283657.306997,23,4.788134336471558,4.803541083801132,-82.73913043478261,1.0307190948808433,-84.0,-81.0,3.0,-83.0,-84.0,-82.0,2.0,0.13636363636363635,1.1363636363636365,1.391384351364906,3.0,128.0,0.0,128.0,128.0,1.0,0.0,1.0,0.21764246983961624,0.13745218820819505,0.5066299438476562
1_moving,2,1_moving_04.csv,./1_moving/1_moving_04.csv,4,0EA06D7AA587,shifted,1777283654.806997,1777283659.806997,19,4.5675318241119385,4.159795866051607,-83.57894736842105,1.6324276230811394,-87.0,-81.0,6.0,-84.0,-85.0,-82.0,3.0,-0.16666666666666666,1.3888888888888888,1.740051084818425,3.0,128.0,0.0,128.0,128.0,1.0,0.0,1.0,0.2537517680062188,0.22370474352416747,0.8936281204223633
1_moving,2,1_moving_04.csv,./1_moving/1_moving_04.csv,4,0EA06D7AA587,shifted,1777283657.306997,1777283662.306997,19,4.765776872634888,3.9867581944715216,-84.36842105263158,1.8697178598243804,-87.0,-81.0,6.0,-85.0,-86.0,-83.0,3.0,0.1111111111111111,1.5555555555555556,1.9688939051854832,4.0,128.0,0.0,128.0,128.0,1.0,0.0,1.0,0.2647653818130493,0.2654036346491256,0.8936281204223633
1_moving,2,1_moving_04.csv,./1_moving/1_moving_04.csv,4,0EA06D7AA587,shifted,1777283659.806997,1777283664.806997,21,3.9659247398376465,5.295108046064353,-84.14285714285714,1.7804684853180872,-88.0,-81.0,7.0,-84.0,-85.0,-83.0,2.0,0.1,1.5,1.9209372712298547,4.0,128.0,0.0,128.0,128.0,1.0,0.0,1.0,0.1982962369918823,0.1663150245764241,0.6448769569396973
1_moving,2,1_moving_04.csv,./1_moving/1_moving_04.csv,4,0EA06D7AA587,shifted,1777283662.306997,1777283667.306997,12,4.659012079238892,2.575653335065049,-84.33333333333333,1.247219128924647,-88.0,-83.0,5.0,-84.0,-84.25,-84.0,0.25,-0.09090909090909091,1.1818181818181819,1.7296634173127678,4.0,128.0,0.0,128.0,128.0,1.0,0.0,1.0,0.42354655265808105,0.7551326217580369,2.7901771068573
1_moving,2,1_moving_04.csv,./1_moving/1_moving_04.csv,4,0EA06D7AA587,shifted,1777283664.806997,1777283669.806997,14,2.968669891357422,4.715916727810552,-84.28571428571429,1.2205719636167902,-86.0,-81.0,5.0,-85.0,-85.0,-84.0,1.0,-0.07692307692307693,1.0,1.4915938022819475,4.0,128.0,0.0,128.0,128.0,1.0,0.0,1.0,0.22835922241210938,0.18367040372602234,0.6682350635528564
1_moving,2,1_moving_04.csv,./1_moving/1_moving_04.csv,4,0EA06D7AA587,shifted,1777283667.306997,1777283672.306997,21,4.084374904632568,5.1415456441526555,-83.85714285714286,1.1664236870396087,-86.0,-81.0,5.0,-84.0,-85.0,-83.0,2.0,0.1,1.0,1.374772708486752,4.0,128.0,0.0,128.0,128.0,1.0,0.0,1.0,0.20421874523162842,0.14070345223719233,0.5206151008605957
1_moving,2,1_moving_04.csv,./1_moving/1_moving_04.csv,4,0EA06D7AA587,shifted,1777283669.806997,1777283674.806997,18,4.419393062591553,4.072957472907992,-83.44444444444444,0.5983516452371671,-84.0,-82.0,2.0,-83.5,-84.0,-83.0,1.0,-0.058823529411764705,0.7647058823529411,0.8724939396583133,1.0,128.0,0.0,128.0,128.0,1.0,0.0,1.0,0.2599642977995031,0.1774264449058245,0.599078893661499
1_moving,2,1_moving_04.csv,./1_moving/1_moving_04.csv,4,0EA06D7AA587,shifted,1777283672.306997,1777283677.306997,14,4.056386232376099,3.451347874188809,-83.78571428571429,0.6738557951469003,-85.0,-83.0,2.0,-84.0,-84.0,-83.0,1.0,0.0,0.7692307692307693,0.8770580193070292,1.0,128.0,0.0,128.0,128.0,1.0,0.0,1.0,0.3120297101827768,0.19759187404209544,0.6159422397613525
1_moving,2,1_moving_04.csv,./1_moving/1_moving_04.csv,4,0EA06D7AA587,shifted,1777283674.806997,1777283679.806997,18,4.648329019546509,3.8723592767011317,-83.66666666666667,1.0,-85.0,-81.0,4.0,-84.0,-84.0,-83.0,1.0,0.11764705882352941,0.9411764705882353,1.3669352986614414,3.0,128.0,0.0,128.0,128.0,1.0,0.0,1.0,0.27343111879685345,0.2219719664908141,0.8878188133239746
1_moving,2,1_moving_04.csv,./1_moving/1_moving_04.csv,4,0EA06D7AA587,shifted,1777283677.306997,1777283682.306997,18,4.4847471714019775,4.0136041814756345,-83.61111111111111,1.0076865081787252,-85.0,-81.0,4.0,-84.0,-84.0,-83.0,1.0,-0.058823529411764705,0.8823529411764706,1.3490994048446723,3.0,128.0,0.0,128.0,128.0,1.0,0.0,1.0,0.2638086571412928,0.26427607298518624,1.0481040477752686
1_moving,2,1_moving_04.csv,./1_moving/1_moving_04.csv,4,0EA06D7AA587,shifted,1777283679.806997,1777283684.806997,15,3.851651906967163,3.8944329244464826,-84.66666666666667,1.398411797560202,-88.0,-82.0,6.0,-85.0,-85.0,-84.0,1.0,0.07142857142857142,0.9285714285714286,1.279748061940637,3.0,128.0,0.0,128.0,128.0,1.0,0.0,1.0,0.27511799335479736,0.2338653880458674,0.7688279151916504
1_moving,2,1_moving_04.csv,./1_moving/1_moving_04.csv,4,0EA06D7AA587,shifted,1777283682.306997,1777283687.306997,22,4.481165170669556,4.909437425782915,-83.81818181818181,1.6688690682441651,-88.0,-81.0,7.0,-84.0,-85.0,-83.0,2.0,0.19047619047619047,1.2380952380952381,1.5620209016054023,3.0,128.0,0.0,128.0,128.0,1.0,0.0,1.0,0.21338881765093123,0.12279104856763012,0.4231572151184082
1_moving,2,1_moving_04.csv,./1_moving/1_moving_04.csv,4,0EA06D7AA587,shifted,1777283684.806997,1777283689.806997,21,4.3724610805511475,4.802787174803842,-82.66666666666667,1.2084359562332876,-85.0,-81.0,4.0,-83.0,-84.0,-82.0,2.0,0.1,1.4,1.8138357147217055,4.0,128.0,0.0,128.0,128.0,1.0,0.0,1.0,0.21862305402755738,0.1184451108644769,0.5119543075561523
1_moving,2,1_moving_04.csv,./1_moving/1_moving_04.csv,4,0EA06D7AA587,shifted,1777283687.306997,1777283692.306997,21,4.944288015365601,4.247325385320858,-83.04761904761905,1.7855555485002546,-86.0,-80.0,6.0,-83.0,-85.0,-81.0,4.0,0.2,1.5,2.0639767440550294,5.0,128.0,0.0,128.0,128.0,1.0,0.0,1.0,0.24721440076828002,0.22487006214582433,0.8270871639251709
1_moving,2,1_moving_04.csv,./1_moving/1_moving_04.csv,4,0EA06D7AA587,shifted,1777283689.806997,1777283694.806997,20,4.8032190799713135,4.163874199158837,-83.5,1.91049731745428,-87.0,-80.0,7.0,-84.0,-85.0,-81.75,3.25,0.10526315789473684,1.4736842105263157,2.0999934045536848,4.0,128.0,0.0,128.0,128.0,1.0,0.0,1.0,0.2528010042090165,0.2762026749370297,1.0151770114898682
1_moving,2,1_moving_04.csv,./1_moving/1_moving_04.csv,4,0EA06D7AA587,shifted,1777283692.306997,1777283697.306997,18,3.9403271675109863,4.568148591420185,-84.61111111111111,1.7364999564541983,-87.0,-81.0,6.0,-85.0,-86.0,-83.25,2.75,-0.29411764705882354,1.2352941176470589,1.8395877377778693,4.0,128.0,0.0,128.0,128.0,1.0,0.0,1.0,0.23178395103005803,0.1525533109549351,0.5108683109283447
1_moving,2,1_moving_04.csv,./1_moving/1_moving_04.csv,4,0EA06D7AA587,shifted,1777283694.806997,1777283699.806997,17,3.693272113800049,4.60296438393447,-85.17647058823529,0.9226110083151836,-86.0,-83.0,3.0,-85.0,-86.0,-85.0,1.0,0.0625,0.9375,1.3448396744593758,3.0,128.0,0.0,128.0,128.0,1.0,0.0,1.0,0.23082950711250305,0.15996404553889942,0.5108683109283447
1_moving,2,1_moving_04.csv,./1_moving/1_moving_04.csv,4,0EA06D7AA587,shifted,1777283697.306997,1777283702.306997,17,4.7916810512542725,3.547815436411418,-84.3529411764706,0.903664205631601,-86.0,-82.0,4.0,-84.0,-85.0,-84.0,1.0,0.0,1.0,1.3228756555322954,2.0,128.0,0.0,128.0,128.0,1.0,0.0,1.0,0.29948006570339203,0.27730180878064875,1.2360568046569824
1_moving,2,1_moving_04.csv,./1_moving/1_moving_04.csv,4,0EA06D7AA587,shifted,1777283699.806997,1777283704.806997,19,4.5072290897369385,4.215450251522254,-84.0,0.8583950752789521,-86.0,-82.0,4.0,-84.0,-84.0,-84.0,0.0,-0.1111111111111111,0.7777777777777778,1.1493422703098446,2.0,128.0,0.0,128.0,128.0,1.0,0.0,1.0,0.2504016160964966,0.1208887641595521,0.5080759525299072
1_static,1,1_static_01.csv,./1_static/1_static_01.csv,1,0EA06D7AA587,shifted,1777283003.311027,1777283008.311027,27,4.978344917297363,5.4234892215258,-81.48148148148148,0.6307180135528296,-83.0,-81.0,2.0,-81.0,-82.0,-81.0,1.0,-0.038461538461538464,0.5769230769230769,0.8539847427374815,2.0,128.0,0.0,128.0,128.0,1.0,0.0,1.0,0.19147480451143706,0.1617628224904891,0.5809500217437744
1_static,1,1_static_01.csv,./1_static/1_static_01.csv,1,0EA06D7AA587,shifted,1777283005.811027,1777283010.811027,26,4.782157897949219,5.436876103808668,-81.57692307692308,0.6890951102757276,-83.0,-80.0,3.0,-82.0,-82.0,-81.0,1.0,-0.04,0.52,0.7200000000000001,1.0,128.0,0.0,128.0,128.0,1.0,0.0,1.0,0.19128631591796874,0.1501231327035475,0.5690720081329346
1_static,1,1_static_01.csv,./1_static/1_static_01.csv,1,0EA06D7AA587,shifted,1777283008.311027,1777283013.311027,22,4.577441692352295,4.806178096545988,-81.9090909090909,1.2759698952380183,-85.0,-79.0,6.0,-82.0,-82.75,-81.0,1.75,0.047619047619047616,1.1904761904761905,1.4630753805464016,3.0,128.0,0.0,128.0,128.0,1.0,0.0,1.0,0.21797341392153785,0.1563019570628113,0.5690720081329346
1_static,1,1_static_01.csv,./1_static/1_static_01.csv,1,0EA06D7AA587,shifted,1777283010.811027,1777283015.811027,23,3.78049898147583,6.083852981497502,-81.69565217391305,1.26610606770096,-85.0,-79.0,6.0,-81.0,-82.0,-81.0,1.0,-0.045454545454545456,1.0454545454545454,1.4294713812287623,3.0,128.0,0.0,128.0,128.0,1.0,0.0,1.0,0.17184086279435593,0.12536441333512383,0.46171998977661133
1_static,1,1_static_01.csv,./1_static/1_static_01.csv,1,0EA06D7AA587,shifted,1777283013.311027,1777283018.311027,24,4.81878924369812,4.980504186064278,-81.70833333333333,0.7894706383956841,-83.0,-80.0,3.0,-82.0,-82.0,-81.0,1.0,-0.13043478260869565,0.6521739130434783,0.8994852550250956,2.0,128.0,0.0,128.0,128.0,1.0,0.0,1.0,0.20951257581296173,0.23935455825197188,1.1388630867004395
1_static,1,1_static_01.csv,./1_static/1_static_01.csv,1,0EA06D7AA587,shifted,1777283015.811027,1777283020.811027,23,4.193652868270874,5.484478740245221,-82.17391304347827,0.9161438045958904,-84.0,-80.0,4.0,-82.0,-83.0,-82.0,1.0,0.045454545454545456,0.7727272727272727,0.9759504797083586,2.0,128.0,0.0,128.0,128.0,1.0,0.0,1.0,0.19062058492140335,0.17804834253587962,0.6634759902954102
1_static,1,1_static_01.csv,./1_static/1_static_01.csv,1,0EA06D7AA587,shifted,1777283018.311027,1777283023.311027,25,4.606441020965576,5.427183347451096,-82.24,1.1412274094149684,-84.0,-80.0,4.0,-82.0,-83.0,-82.0,1.0,-0.041666666666666664,0.7083333333333334,0.9780578828587919,2.0,128.0,0.0,128.0,128.0,1.0,0.0,1.0,0.19193504254023233,0.1740927925182868,0.6634759902954102
1_static,1,1_static_01.csv,./1_static/1_static_01.csv,1,0EA06D7AA587,shifted,1777283020.811027,1777283025.811027,25,4.464664936065674,5.599524344604089,-82.96,1.4277254638059798,-86.0,-80.0,6.0,-83.0,-84.0,-82.0,2.0,-0.041666666666666664,0.875,1.3378828631668602,4.0,128.0,0.0,128.0,128.0,1.0,0.0,1.0,0.18602770566940308,0.1678295668349862,0.7511050701141357
1_static,1,1_static_01.csv,./1_static/1_static_01.csv,1,0EA06D7AA587,shifted,1777283023.311027,1777283028.311027,25,4.571521997451782,5.468638237754359,-82.4,1.6492422502470643,-86.0,-80.0,6.0,-82.0,-84.0,-81.0,3.0,0.125,0.875,1.2686114456365274,4.0,128.0,0.0,128.0,128.0,1.0,0.0,1.0,0.1904800832271576,0.15956028580509823,0.7511050701141357
1_static,1,1_static_01.csv,./1_static/1_static_01.csv,1,0EA06D7AA587,shifted,1777283025.811027,1777283030.811027,20,4.696458101272583,4.258528356631281,-81.55,0.9205976319760986,-83.0,-80.0,3.0,-82.0,-82.0,-81.0,1.0,0.05263157894736842,0.6842105263157895,0.8869631340185642,2.0,128.0,0.0,128.0,128.0,1.0,0.0,1.0,0.24718200533013596,0.21286264847910277,0.7525379657745361
1_static,1,1_static_01.csv,./1_static/1_static_01.csv,1,0EA06D7AA587,shifted,1777283028.311027,1777283033.311027,17,4.507220029830933,3.7717262275828314,-82.23529411764706,0.7299808027053444,-83.0,-81.0,2.0,-82.0,-83.0,-82.0,1.0,0.0,0.625,0.8660254037844386,2.0,128.0,0.0,128.0,128.0,1.0,0.0,1.0,0.2817012518644333,0.25139378026979226,0.9184560775756836
1_static,1,1_static_01.csv,./1_static/1_static_01.csv,1,0EA06D7AA587,shifted,1777283030.811027,1777283035.811027,20,4.71401309967041,4.242669584732028,-82.05,0.8046738469715541,-83.0,-81.0,2.0,-82.0,-83.0,-81.0,2.0,-0.05263157894736842,1.0,1.190916684103659,2.0,128.0,0.0,128.0,128.0,1.0,0.0,1.0,0.2481059526142321,0.218343900662233,0.9184560775756836
1_static,1,1_static_02.csv,./1_static/1_static_02.csv,2,0EA06D7AA587,shifted,1777283050.4992378,1777283055.4992378,17,4.518261194229126,3.7625093524280904,-85.88235294117646,0.47058823529411764,-87.0,-85.0,2.0,-86.0,-86.0,-86.0,0.0,0.0,0.375,0.6123724356957945,1.0,128.0,0.0,128.0,128.0,1.0,0.0,1.0,0.2823913246393204,0.17177865764724137,0.683143138885498
1_static,1,1_static_02.csv,./1_static/1_static_02.csv,2,0EA06D7AA587,shifted,1777283052.9992378,1777283057.9992378,13,4.624067783355713,2.811377473053785,-85.61538461538461,1.002954216185023,-87.0,-84.0,3.0,-86.0,-86.0,-85.0,1.0,0.25,0.5833333333333334,0.82915619758885,2.0,128.0,0.0,128.0,128.0,1.0,0.0,1.0,0.3853389819463094,0.3497698292973682,1.3510890007019043
1_static,1,1_static_02.csv,./1_static/1_static_02.csv,2,0EA06D7AA587,shifted,1777283055.4992378,1777283060.4992378,15,3.840904951095581,3.905329653034344,-84.66666666666667,0.9428090415820632,-87.0,-84.0,3.0,-84.0,-85.0,-84.0,1.0,0.21428571428571427,0.6428571428571429,0.860113898485164,2.0,128.0,0.0,128.0,128.0,1.0,0.0,1.0,0.27435035364968435,0.18334631028435847,0.6796019077301025
1_static,1,1_static_02.csv,./1_static/1_static_02.csv,2,0EA06D7AA587,shifted,1777283057.9992378,1777283062.9992378,21,4.840563058853149,4.33833827690604,-84.47619047619048,0.5870870479018073,-85.0,-83.0,2.0,-85.0,-85.0,-84.0,1.0,-0.05,0.65,0.8645808232895291,2.0,128.0,0.0,128.0,128.0,1.0,0.0,1.0,0.24202815294265748,0.1556640633231541,0.6796019077301025
1_static,1,1_static_02.csv,./1_static/1_static_02.csv,2,0EA06D7AA587,shifted,1777283060.4992378,1777283065.4992378,20,4.911954879760742,4.071698639254232,-84.5,0.7416198487095663,-86.0,-83.0,3.0,-85.0,-85.0,-84.0,1.0,-0.05263157894736842,0.8947368421052632,1.0989796325169001,2.0,128.0,0.0,128.0,128.0,1.0,0.0,1.0,0.25852394104003906,0.22396286705913263,1.0242071151733398
1_static,1,1_static_02.csv,./1_static/1_static_02.csv,2,0EA06D7AA587,shifted,1777283062.9992378,1777283067.9992378,17,4.915509939193726,3.458440774262467,-83.76470588235294,0.8764508485736081,-86.0,-83.0,3.0,-84.0,-84.0,-83.0,1.0,0.0,0.875,1.118033988749895,2.0,128.0,0.0,128.0,128.0,1.0,0.0,1.0,0.30721937119960785,0.2625014014998308,1.0242071151733398
1_static,1,1_static_02.csv,./1_static/1_static_02.csv,2,0EA06D7AA587,shifted,1777283065.4992378,1777283070.4992378,18,4.887895107269287,3.682566750098701,-83.44444444444444,0.6849348892187752,-85.0,-82.0,3.0,-83.0,-84.0,-83.0,1.0,0.058823529411764705,0.6470588235294118,0.9374927912064251,2.0,128.0,0.0,128.0,128.0,1.0,0.0,1.0,0.2875232416040757,0.22602488636544102,0.7917897701263428
1_static,1,1_static_02.csv,./1_static/1_static_02.csv,2,0EA06D7AA587,shifted,1777283067.9992378,1777283072.9992378,13,4.712218761444092,2.7587853319475477,-83.38461538461539,0.737820234355803,-84.0,-82.0,2.0,-84.0,-84.0,-83.0,1.0,0.0,0.6666666666666666,0.9128709291752769,2.0,128.0,0.0,128.0,128.0,1.0,0.0,1.0,0.39268489678700763,0.29181133272419524,1.0801489353179932
1_static,1,1_static_02.csv,./1_static/1_static_02.csv,2,0EA06D7AA587,shifted,1777283070.4992378,1777283075.4992378,13,4.839147090911865,2.686423817208322,-83.15384615384616,0.532938710021193,-84.0,-82.0,2.0,-83.0,-83.0,-83.0,0.0,-0.08333333333333333,0.4166666666666667,0.6400954789890506,1.0,128.0,0.0,128.0,128.0,1.0,0.0,1.0,0.40326225757598877,0.27042133680030406,1.0801489353179932
1_static,1,1_static_02.csv,./1_static/1_static_02.csv,2,0EA06D7AA587,shifted,1777283072.9992378,1777283077.9992378,18,4.64829683303833,3.8723860903337393,-83.16666666666667,0.5,-84.0,-82.0,2.0,-83.0,-83.0,-83.0,0.0,0.0,0.5882352941176471,0.8401680504168059,2.0,128.0,0.0,128.0,128.0,1.0,0.0,1.0,0.27342922547284293,0.15451272145883735,0.690277099609375
1_static,1,1_static_02.csv,./1_static/1_static_02.csv,2,0EA06D7AA587,shifted,1777283075.4992378,1777283080.4992378,20,4.429484128952026,4.515198478593897,-83.2,0.6782329983125268,-84.0,-82.0,2.0,-83.0,-84.0,-83.0,1.0,0.05263157894736842,1.0,1.1458705819514339,2.0,128.0,0.0,128.0,128.0,1.0,0.0,1.0,0.23313074362905403,0.1418050001879986,0.5622811317443848
1_static,1,1_static_02.csv,./1_static/1_static_02.csv,2,0EA06D7AA587,shifted,1777283077.9992378,1777283082.9992378,20,4.520476818084717,4.424312037169966,-83.2,0.6,-84.0,-82.0,2.0,-83.0,-84.0,-83.0,1.0,-0.10526315789473684,0.7368421052631579,0.9676198058342228,2.0,128.0,0.0,128.0,128.0,1.0,0.0,1.0,0.23791983253077456,0.16189884992831877,0.5622811317443848
1_static,1,1_static_03.csv,./1_static/1_static_03.csv,3,0EA06D7AA587,shifted,1777283097.682742,1777283102.682742,14,4.782819986343384,2.9271434091132167,-80.0,0.5345224838248488,-81.0,-79.0,2.0,-80.0,-80.0,-80.0,0.0,0.0,0.6153846153846154,0.9607689228305228,2.0,128.0,0.0,128.0,128.0,1.0,0.0,1.0,0.3679092297187218,0.29532751541811947,0.927757740020752
1_static,1,1_static_03.csv,./1_static/1_static_03.csv,3,0EA06D7AA587,shifted,1777283100.182742,1777283105.182742,16,4.307651042938232,3.71432129495022,-79.9375,0.24206145913796356,-80.0,-79.0,1.0,-80.0,-80.0,-80.0,0.0,0.0,0.13333333333333333,0.3651483716701107,1.0,128.0,0.0,128.0,128.0,1.0,0.0,1.0,0.2871767361958822,0.24430164345223407,0.8846011161804199
1_static,1,1_static_03.csv,./1_static/1_static_03.csv,3,0EA06D7AA587,shifted,1777283102.682742,1777283107.682742,20,4.439507961273193,4.505003746916191,-79.9,0.43588989435406733,-81.0,-79.0,2.0,-80.0,-80.0,-80.0,0.0,-0.05263157894736842,0.3684210526315789,0.6046908048987398,1.0,128.0,0.0,128.0,128.0,1.0,0.0,1.0,0.2336583137512207,0.19739659998683134,0.7583889961242676
1_static,1,1_static_03.csv,./1_static/1_static_03.csv,3,0EA06D7AA587,shifted,1777283105.182742,1777283110.182742,17,4.840480089187622,3.512048327184238,-80.05882352941177,0.6389870877176598,-81.0,-79.0,2.0,-80.0,-80.0,-80.0,0.0,0.0,0.625,0.7905694150420949,1.0,128.0,0.0,128.0,128.0,1.0,0.0,1.0,0.3025300055742264,0.20140199210335838,0.6889557838439941
1_static,1,1_static_03.csv,./1_static/1_static_03.csv,3,0EA06D7AA587,shifted,1777283107.682742,1777283112.682742,19,4.524266004562378,4.1995762364193325,-80.15789473684211,0.5860804592452654,-81.0,-79.0,2.0,-80.0,-80.5,-80.0,0.5,0.05555555555555555,0.5,0.7049209744694178,1.0,128.0,0.0,128.0,128.0,1.0,0.0,1.0,0.2513481113645766,0.19005181311510352,0.6756179332733154
1_static,1,1_static_03.csv,./1_static/1_static_03.csv,3,0EA06D7AA587,shifted,1777283110.182742,1777283115.182742,22,4.787876844406128,4.594938574016059,-80.13636363636364,0.7565144080496927,-81.0,-78.0,3.0,-80.0,-81.0,-80.0,1.0,0.047619047619047616,0.8095238095238095,1.2140522651411392,3.0,128.0,0.0,128.0,128.0,1.0,0.0,1.0,0.22799413544791086,0.1856120118868008,0.6756179332733154
1_static,1,1_static_03.csv,./1_static/1_static_03.csv,3,0EA06D7AA587,shifted,1777283112.682742,1777283117.682742,25,4.607661008834839,5.425746371546085,-80.08,0.7959899496852959,-81.0,-78.0,3.0,-80.0,-81.0,-80.0,1.0,0.0,1.0,1.3228756555322954,3.0,128.0,0.0,128.0,128.0,1.0,0.0,1.0,0.1919858753681183,0.1373463967158584,0.5954070091247559
1_static,1,1_static_03.csv,./1_static/1_static_03.csv,3,0EA06D7AA587,shifted,1777283115.182742,1777283120.182742,20,4.710888147354126,4.245483945789079,-80.0,0.6324555320336759,-81.0,-79.0,2.0,-80.0,-80.0,-80.0,0.0,0.0,0.7368421052631579,0.9733285267845752,2.0,128.0,0.0,128.0,128.0,1.0,0.0,1.0,0.24794148143969083,0.16749830454474907,0.7394149303436279
1_static,1,1_static_03.csv,./1_static/1_static_03.csv,3,0EA06D7AA587,shifted,1777283117.682742,1777283122.682742,15,4.72191309928894,3.176678537827985,-80.06666666666666,0.5734883511361751,-81.0,-79.0,2.0,-80.0,-80.0,-80.0,0.0,0.07142857142857142,0.6428571428571429,0.7985957062499249,1.0,128.0,0.0,128.0,128.0,1.0,0.0,1.0,0.33727950709206717,0.2250402538806117,0.8723049163818359
1_static,1,1_static_03.csv,./1_static/1_static_03.csv,3,0EA06D7AA587,shifted,1777283120.182742,1777283125.182742,18,4.097718238830566,4.3926885527241515,-79.94444444444444,0.5241100628920335,-81.0,-79.0,2.0,-80.0,-80.0,-80.0,0.0,0.058823529411764705,0.4117647058823529,0.6389870877176598,1.0,128.0,0.0,128.0,128.0,1.0,0.0,1.0,0.2410422493429745,0.20013459150818363,0.9114317893981934
1_static,1,1_static_03.csv,./1_static/1_static_03.csv,3,0EA06D7AA587,shifted,1777283122.682742,1777283127.682742,22,4.70331597328186,4.677550928956391,-79.77272727272727,0.4190702026042221,-80.0,-79.0,1.0,-80.0,-80.0,-80.0,0.0,0.0,0.2857142857142857,0.5345224838248488,1.0,128.0,0.0,128.0,128.0,1.0,0.0,1.0,0.2239674272991362,0.2018172198237615,0.9114317893981934
1_static,1,1_static_04.csv,./1_static/1_static_04.csv,4,0EA06D7AA587,shifted,1777283148.604458,1777283153.604458,21,4.780997037887573,4.392389251359712,-80.71428571428571,0.6281383789653772,-82.0,-80.0,2.0,-81.0,-81.0,-80.0,1.0,0.1,0.5,0.7681145747868608,2.0,128.0,0.0,128.0,128.0,1.0,0.0,1.0,0.23904985189437866,0.16069483370552512,0.5954711437225342
1_static,1,1_static_04.csv,./1_static/1_static_04.csv,4,0EA06D7AA587,shifted,1777283151.104458,1777283156.104458,18,4.792118787765503,3.7561673233048434,-80.66666666666667,0.4714045207910317,-81.0,-80.0,1.0,-81.0,-81.0,-80.0,1.0,0.0,0.35294117647058826,0.5940885257860046,1.0,128.0,0.0,128.0,128.0,1.0,0.0,1.0,0.2818893404567943,0.21332794888255505,0.7878270149230957
1_static,1,1_static_04.csv,./1_static/1_static_04.csv,4,0EA06D7AA587,shifted,1777283153.604458,1777283158.604458,18,4.462576866149902,4.03354396795624,-80.61111111111111,0.4874980215217846,-81.0,-80.0,1.0,-81.0,-81.0,-80.0,1.0,0.0,0.47058823529411764,0.6859943405700354,1.0,128.0,0.0,128.0,128.0,1.0,0.0,1.0,0.26250452153822956,0.2094565558020531,0.7878270149230957
1_static,1,1_static_04.csv,./1_static/1_static_04.csv,4,0EA06D7AA587,shifted,1777283156.104458,1777283161.104458,19,4.604237079620361,4.126633722685416,-80.6842105263158,0.653140718210045,-82.0,-80.0,2.0,-81.0,-81.0,-80.0,1.0,-0.05555555555555555,0.6111111111111112,0.8480187512485414,2.0,128.0,0.0,128.0,128.0,1.0,0.0,1.0,0.25579094886779785,0.16407139138724297,0.5218868255615234
1_static,1,1_static_04.csv,./1_static/1_static_04.csv,4,0EA06D7AA587,shifted,1777283158.604458,1777283163.604458,18,4.8655009269714355,3.6995163026727083,-80.83333333333333,0.7637626158259734,-82.0,-79.0,3.0,-81.0,-81.0,-80.25,0.75,0.0,0.8235294117647058,1.1881770515720091,3.0,128.0,0.0,128.0,128.0,1.0,0.0,1.0,0.2862059368806727,0.2766835239118754,1.2205300331115723
1_static,1,1_static_04.csv,./1_static/1_static_04.csv,4,0EA06D7AA587,shifted,1777283161.104458,1777283166.104458,19,4.776740074157715,3.9776080977883814,-80.63157894736842,0.6657426652986062,-82.0,-79.0,3.0,-81.0,-81.0,-80.0,1.0,-0.1111111111111111,0.5555555555555556,0.8089010988089465,2.0,128.0,0.0,128.0,128.0,1.0,0.0,1.0,0.26537444856431747,0.33447126077802247,1.2205300331115723
1_static,1,1_static_04.csv,./1_static/1_static_04.csv,4,0EA06D7AA587,shifted,1777283163.604458,1777283168.604458,16,4.540176153182983,3.524092339188838,-80.6875,0.582961190818051,-82.0,-80.0,2.0,-81.0,-81.0,-80.0,1.0,0.0,0.5333333333333333,0.7302967433402214,1.0,128.0,0.0,128.0,128.0,1.0,0.0,1.0,0.3026784102121989,0.28872280294757524,1.1267399787902832
1_static,1,1_static_04.csv,./1_static/1_static_04.csv,4,0EA06D7AA587,shifted,1777283166.104458,1777283171.104458,20,4.7039759159088135,4.251722448739616,-80.8,0.6,-82.0,-80.0,2.0,-81.0,-81.0,-80.0,1.0,0.05263157894736842,0.5789473684210527,0.8254940600714801,2.0,128.0,0.0,128.0,128.0,1.0,0.0,1.0,0.2475776797846744,0.17991754448014396,0.7126979827880859
1_static,1,1_static_04.csv,./1_static/1_static_04.csv,4,0EA06D7AA587,shifted,1777283168.604458,1777283173.604458,22,4.828817129135132,4.555981187869155,-80.63636363636364,0.5677270907634906,-82.0,-80.0,2.0,-81.0,-81.0,-80.0,1.0,0.09523809523809523,0.5714285714285714,0.8109231602822096,2.0,128.0,0.0,128.0,128.0,1.0,0.0,1.0,0.22994367281595865,0.17104225761093575,0.7008676528930664
1_static,1,1_static_04.csv,./1_static/1_static_04.csv,4,0EA06D7AA587,shifted,1777283171.104458,1777283176.104458,14,3.258082151412964,4.297006444091192,-80.5,0.5,-81.0,-80.0,1.0,-80.5,-81.0,-80.0,1.0,0.07692307692307693,0.6923076923076923,0.8284868934053085,1.0,128.0,0.0,128.0,128.0,1.0,0.0,1.0,0.2506217039548434,0.18798328826618027,0.7008676528930664
empty,0,empty_01.csv,./empty/empty_01.csv,1,0EA06D7AA587,shifted,1777282497.916932,1777282502.916932,21,4.928148031234741,4.261235633934169,-81.71428571428571,0.6281383789653772,-83.0,-81.0,2.0,-82.0,-82.0,-81.0,1.0,-0.05,0.65,0.9205976319760985,2.0,128.0,0.0,128.0,128.0,1.0,0.0,1.0,0.24640740156173707,0.27600233465415,1.3405230045318604
empty,0,empty_01.csv,./empty/empty_01.csv,1,0EA06D7AA587,shifted,1777282500.416932,1777282505.416932,25,4.753612041473389,5.259158673843147,-81.56,0.6374950980203692,-83.0,-81.0,2.0,-81.0,-82.0,-81.0,1.0,-0.041666666666666664,0.7083333333333334,0.9780578828587918,2.0,128.0,0.0,128.0,128.0,1.0,0.0,1.0,0.19806716839472452,0.12296492188970388,0.4968092441558838
empty,0,empty_01.csv,./empty/empty_01.csv,1,0EA06D7AA587,shifted,1777282502.916932,1777282507.916932,17,4.50529408454895,3.7733385836680546,-81.6470588235294,0.5882352941176471,-83.0,-81.0,2.0,-82.0,-82.0,-81.0,1.0,-0.0625,0.4375,0.6584783595532961,1.0,128.0,0.0,128.0,128.0,1.0,0.0,1.0,0.2815808802843094,0.22643621246468204,0.916424036026001
empty,0,empty_01.csv,./empty/empty_01.csv,1,0EA06D7AA587,shifted,1777282505.416932,1777282510.416932,19,4.833885908126831,3.9305851153948006,-81.6842105263158,0.653140718210045,-83.0,-81.0,2.0,-82.0,-82.0,-81.0,1.0,-0.05555555555555555,0.6111111111111112,0.8480187512485415,2.0,128.0,0.0,128.0,128.0,1.0,0.0,1.0,0.26854921711815727,0.22388096054557804,0.916424036026001
empty,0,empty_01.csv,./empty/empty_01.csv,1,0EA06D7AA587,shifted,1777282507.916932,1777282512.916932,31,4.892662048339844,6.336019061549281,-81.48387096774194,0.560585393451057,-83.0,-81.0,2.0,-81.0,-82.0,-81.0,1.0,0.0,0.5333333333333333,0.7745966692414834,2.0,128.0,0.0,128.0,128.0,1.0,0.0,1.0,0.16308873494466145,0.11283914673265548,0.46238112449645996
empty,0,empty_01.csv,./empty/empty_01.csv,1,0EA06D7AA587,shifted,1777282510.416932,1777282515.416932,27,4.5728440284729,5.9044218066227465,-81.44444444444444,0.49690399499995325,-82.0,-81.0,1.0,-81.0,-82.0,-81.0,1.0,0.038461538461538464,0.5,0.7060599904109931,1.0,128.0,0.0,128.0,128.0,1.0,0.0,1.0,0.17587861647972694,0.14027925903521335,0.6112210750579834
empty,0,empty_01.csv,./empty/empty_01.csv,1,0EA06D7AA587,shifted,1777282512.916932,1777282517.916932,21,4.563614130020142,4.601616044147737,-81.47619047619048,0.49943278484292936,-82.0,-81.0,1.0,-81.0,-82.0,-81.0,1.0,0.0,0.8,0.8944271909999159,1.0,128.0,0.0,128.0,128.0,1.0,0.0,1.0,0.22818070650100708,0.20403773095847663,0.8326270580291748
empty,0,empty_01.csv,./empty/empty_01.csv,1,0EA06D7AA587,shifted,1777282515.416932,1777282520.416932,23,4.673179864883423,4.921702280888724,-81.52173913043478,0.49952718665548085,-82.0,-81.0,1.0,-82.0,-82.0,-81.0,1.0,0.0,0.6363636363636364,0.7977240352174656,1.0,128.0,0.0,128.0,128.0,1.0,0.0,1.0,0.21241726658561014,0.17999073987163358,0.8326270580291748
empty,0,empty_01.csv,./empty/empty_01.csv,1,0EA06D7AA587,shifted,1777282517.916932,1777282522.916932,21,4.310830116271973,4.871451538007001,-81.42857142857143,0.4948716593053935,-82.0,-81.0,1.0,-81.0,-82.0,-81.0,1.0,0.0,0.4,0.6324555320336759,1.0,128.0,0.0,128.0,128.0,1.0,0.0,1.0,0.21554150581359863,0.1422176168122777,0.46220898628234863
empty,0,empty_01.csv,./empty/empty_01.csv,1,0EA06D7AA587,shifted,1777282520.416932,1777282525.416932,25,4.674088954925537,5.348635903399976,-81.56,0.4963869458396343,-82.0,-81.0,1.0,-82.0,-82.0,-81.0,1.0,0.041666666666666664,0.4583333333333333,0.6757197808427857,1.0,128.0,0.0,128.0,128.0,1.0,0.0,1.0,0.1947537064552307,0.16720880943577504,0.760991096496582
empty,0,empty_01.csv,./empty/empty_01.csv,1,0EA06D7AA587,shifted,1777282522.916932,1777282527.916932,26,4.816448926925659,5.398167902217497,-81.53846153846153,0.5704768066996664,-83.0,-81.0,2.0,-81.5,-82.0,-81.0,1.0,0.04,0.6,0.8708616422830897,2.0,128.0,0.0,128.0,128.0,1.0,0.0,1.0,0.19265795707702638,0.14131541729813396,0.5666859149932861
empty,0,empty_01.csv,./empty/empty_01.csv,1,0EA06D7AA587,shifted,1777282525.416932,1777282530.416932,27,4.892049789428711,5.51915887249239,-81.4074074074074,0.5616944773371519,-83.0,-81.0,2.0,-81.0,-82.0,-81.0,1.0,-0.038461538461538464,0.6538461538461539,0.8978936561483656,2.0,128.0,0.0,128.0,128.0,1.0,0.0,1.0,0.1881557611318735,0.14046838337434556,0.5666859149932861
empty,0,empty_01.csv,./empty/empty_01.csv,1,0EA06D7AA587,shifted,1777282527.916932,1777282532.916932,27,4.807712078094482,5.615976905734618,-81.48148148148148,0.4996569467863719,-82.0,-81.0,1.0,-81.0,-82.0,-81.0,1.0,-0.038461538461538464,0.6538461538461539,0.8076923076923077,1.0,128.0,0.0,128.0,128.0,1.0,0.0,1.0,0.18491200300363395,0.16191349233373886,0.734360933303833
empty,0,empty_01.csv,./empty/empty_01.csv,1,0EA06D7AA587,shifted,1777282530.416932,1777282535.416932,26,4.86027193069458,5.349494919368503,-81.38461538461539,0.5600084530215783,-83.0,-81.0,2.0,-81.0,-82.0,-81.0,1.0,0.04,0.6,0.8708616422830897,2.0,128.0,0.0,128.0,128.0,1.0,0.0,1.0,0.1944108772277832,0.16495507079663485,0.734360933303833
empty,0,empty_01.csv,./empty/empty_01.csv,1,0EA06D7AA587,shifted,1777282532.916932,1777282537.916932,28,4.7139458656311035,5.939822135876683,-81.39285714285714,0.5567306167185677,-83.0,-81.0,2.0,-81.0,-82.0,-81.0,1.0,-0.037037037037037035,0.48148148148148145,0.7926272058900999,2.0,128.0,0.0,128.0,128.0,1.0,0.0,1.0,0.1745905876159668,0.12852513483887518,0.5183067321777344
empty,0,empty_01.csv,./empty/empty_01.csv,1,0EA06D7AA587,shifted,1777282535.416932,1777282540.416932,21,4.480186223983765,4.687305158785761,-81.47619047619048,0.49943278484292936,-82.0,-81.0,1.0,-81.0,-82.0,-81.0,1.0,-0.05,0.65,0.8046738469715541,1.0,128.0,0.0,128.0,128.0,1.0,0.0,1.0,0.22400931119918824,0.1495874705128134,0.606713056564331
empty,0,empty_01.csv,./empty/empty_01.csv,1,0EA06D7AA587,shifted,1777282537.916932,1777282542.916932,20,4.663111925125122,4.288981332881765,-81.35,0.47696960070847283,-82.0,-81.0,1.0,-81.0,-82.0,-81.0,1.0,0.0,0.5263157894736842,0.7254762501100116,1.0,128.0,0.0,128.0,128.0,1.0,0.0,1.0,0.24542694342763802,0.14586069749777908,0.606713056564331
empty,0,empty_01.csv,./empty/empty_01.csv,1,0EA06D7AA587,shifted,1777282540.416932,1777282545.416932,23,4.865091800689697,4.7275572470676535,-81.3913043478261,0.7064381221422573,-83.0,-80.0,3.0,-81.0,-82.0,-81.0,1.0,-0.045454545454545456,0.8636363636363636,1.2604931476238226,3.0,128.0,0.0,128.0,128.0,1.0,0.0,1.0,0.22114053639498624,0.1357582833829784,0.5124108791351318
empty,0,empty_01.csv,./empty/empty_01.csv,1,0EA06D7AA587,shifted,1777282542.916932,1777282547.916932,29,4.912247896194458,5.903610854506435,-81.55172413793103,0.7233164470138976,-83.0,-80.0,3.0,-82.0,-82.0,-81.0,1.0,0.0,0.9285714285714286,1.224744871391589,3.0,128.0,0.0,128.0,128.0,1.0,0.0,1.0,0.17543742486408778,0.11132825367460399,0.5124108791351318
empty,0,empty_01.csv,./empty/empty_01.csv,1,0EA06D7AA587,shifted,1777282545.416932,1777282550.416932,32,4.945190906524658,6.470933196487798,-81.5625,0.5555121510822243,-83.0,-81.0,2.0,-82.0,-82.0,-81.0,1.0,0.0,0.5161290322580645,0.7184212081070996,1.0,128.0,0.0,128.0,128.0,1.064516129032258,0.3533693919388169,3.0,0.15952228730724705,0.08657743862087636,0.4135770797729492
empty,0,empty_01.csv,./empty/empty_01.csv,1,0EA06D7AA587,shifted,1777282547.916932,1777282552.916932,18,4.70445990562439,3.8261565325448315,-81.44444444444444,0.49690399499995325,-82.0,-81.0,1.0,-81.0,-82.0,-81.0,1.0,0.058823529411764705,0.4117647058823529,0.6389870877176598,1.0,128.0,0.0,128.0,128.0,1.1176470588235294,0.4705882352941177,3.0,0.2767329356249641,0.2814679929958299,1.2833967208862305
empty,0,empty_01.csv,./empty/empty_01.csv,1,0EA06D7AA587,shifted,1777282550.416932,1777282555.416932,17,4.831230878829956,3.5187720120130375,-81.41176470588235,0.7714633558002354,-83.0,-80.0,3.0,-81.0,-82.0,-81.0,1.0,0.0,0.625,0.7905694150420949,1.0,128.0,0.0,128.0,128.0,1.0,0.0,1.0,0.30195192992687225,0.2904761041598776,1.2833967208862305
empty,0,empty_01.csv,./empty/empty_01.csv,1,0EA06D7AA587,shifted,1777282552.916932,1777282557.916932,22,4.687669992446899,4.693163135512511,-81.54545454545455,0.721568539381252,-83.0,-80.0,3.0,-81.5,-82.0,-81.0,1.0,-0.047619047619047616,0.7142857142857143,0.8438116736509214,1.0,128.0,0.0,128.0,128.0,1.0,0.0,1.0,0.2232223805927095,0.12968208833322106,0.5230972766876221
empty,0,empty_01.csv,./empty/empty_01.csv,1,0EA06D7AA587,shifted,1777282555.416932,1777282560.416932,21,4.7685630321502686,4.403842385728213,-81.52380952380952,0.49943278484292936,-82.0,-81.0,1.0,-82.0,-82.0,-81.0,1.0,0.05,0.65,0.8046738469715541,1.0,128.0,0.0,128.0,128.0,1.0,0.0,1.0,0.23842815160751343,0.17586042865332346,0.8079988956451416
empty,0,empty_01.csv,./empty/empty_01.csv,1,0EA06D7AA587,shifted,1777282557.916932,1777282562.916932,27,4.815006971359253,5.60746851678556,-81.48148148148148,0.5689737591013784,-83.0,-81.0,2.0,-81.0,-82.0,-81.0,1.0,-0.038461538461538464,0.7307692307692307,0.9397532094515859,2.0,128.0,0.0,128.0,128.0,1.0,0.0,1.0,0.18519257582150972,0.16868280614832157,0.8079988956451416
empty,0,empty_01.csv,./empty/empty_01.csv,1,0EA06D7AA587,shifted,1777282560.416932,1777282565.416932,30,4.8083600997924805,6.239133379651566,-81.36666666666666,0.5467073155618907,-83.0,-81.0,2.0,-81.0,-82.0,-81.0,1.0,0.0,0.6896551724137931,0.909717652294684,2.0,128.0,0.0,128.0,128.0,1.0,0.0,1.0,0.16580552068249932,0.11966756176177465,0.4699990749359131
empty,0,empty_02.csv,./empty/empty_02.csv,2,0EA06D7AA587,shifted,1777282594.388835,1777282599.388835,29,4.901514053344727,5.916539192662478,-81.72413793103448,0.6896551724137929,-83.0,-81.0,2.0,-82.0,-82.0,-81.0,1.0,0.03571428571428571,0.8214285714285714,1.0516022760239612,2.0,128.0,0.0,128.0,128.0,1.0,0.0,1.0,0.17505407333374023,0.12442795448345491,0.4188370704650879
empty,0,empty_02.csv,./empty/empty_02.csv,2,0EA06D7AA587,shifted,1777282596.888835,1777282601.888835,30,4.78413200378418,6.270729983259331,-81.56666666666666,0.5587684871413402,-83.0,-81.0,2.0,-82.0,-82.0,-81.0,1.0,0.0,0.5517241379310345,0.7878385971583354,2.0,128.0,0.0,128.0,128.0,1.0,0.0,1.0,0.1649700690960062,0.12872946839966853,0.4613230228424072
empty,0,empty_02.csv,./empty/empty_02.csv,2,0EA06D7AA587,shifted,1777282599.388835,1777282604.388835,25,4.722783803939819,5.293488128578872,-81.64,0.5571355310873648,-83.0,-81.0,2.0,-82.0,-82.0,-81.0,1.0,-0.041666666666666664,0.5416666666666666,0.7347996703561833,1.0,128.0,0.0,128.0,128.0,1.0,0.0,1.0,0.19678265849749246,0.16384747237277122,0.5190818309783936
empty,0,empty_02.csv,./empty/empty_02.csv,2,0EA06D7AA587,shifted,1777282601.888835,1777282606.888835,18,4.484553098678589,4.013777873497328,-81.72222222222223,0.6502611061510903,-83.0,-81.0,2.0,-82.0,-82.0,-81.0,1.0,0.0,0.8235294117647058,1.0289915108550531,2.0,128.0,0.0,128.0,128.0,1.0,0.0,1.0,0.26379724109874053,0.21972531309786267,0.8610241413116455
empty,0,empty_02.csv,./empty/empty_02.csv,2,0EA06D7AA587,shifted,1777282604.388835,1777282609.388835,23,4.352484703063965,5.284337928588003,-81.52173913043478,0.5800723506141885,-83.0,-81.0,2.0,-81.0,-82.0,-81.0,1.0,-0.045454545454545456,0.6818181818181818,0.8778730870830894,2.0,128.0,0.0,128.0,128.0,1.0,0.0,1.0,0.19784021377563477,0.16305937828424663,0.6978158950805664
empty,0,empty_02.csv,./empty/empty_02.csv,2,0EA06D7AA587,shifted,1777282606.888835,1777282611.888835,19,4.386225938796997,4.331742200496652,-81.47368421052632,0.49930699897395464,-82.0,-81.0,1.0,-81.0,-82.0,-81.0,1.0,-0.05555555555555555,0.6111111111111112,0.7797593804232333,1.0,128.0,0.0,128.0,128.0,1.0,0.0,1.0,0.2436792188220554,0.22651101309690033,0.8852229118347168
empty,0,empty_02.csv,./empty/empty_02.csv,2,0EA06D7AA587,shifted,1777282609.388835,1777282614.388835,15,4.669240236282349,3.2125140795803233,-81.4,0.6110100926607787,-82.0,-80.0,2.0,-81.0,-82.0,-81.0,1.0,0.0,0.8571428571428571,1.0,2.0,128.0,0.0,128.0,128.0,1.0,0.0,1.0,0.33351715973445345,0.38828263714146694,1.4343481063842773
empty,0,empty_02.csv,./empty/empty_02.csv,2,0EA06D7AA587,shifted,1777282611.888835,1777282616.888835,27,3.7287769317626953,7.240980217938743,-81.51851851851852,0.6869347033700521,-83.0,-80.0,3.0,-82.0,-82.0,-81.0,1.0,0.0,0.8461538461538461,1.1094003924504583,3.0,128.0,0.0,128.0,128.0,1.0,0.0,1.0,0.14341449737548828,0.1427813045130346,0.5856029987335205
empty,0,empty_02.csv,./empty/empty_02.csv,2,0EA06D7AA587,shifted,1777282614.388835,1777282619.388835,31,4.959206819534302,6.250999631209387,-81.51612903225806,0.6154446460754488,-83.0,-80.0,3.0,-82.0,-82.0,-81.0,1.0,0.03333333333333333,0.7,0.9826268648655783,3.0,128.0,0.0,128.0,128.0,1.0,0.0,1.0,0.16530689398447673,0.135000559341862,0.5274460315704346
empty,0,empty_02.csv,./empty/empty_02.csv,2,0EA06D7AA587,shifted,1777282616.888835,1777282621.888835,25,4.851765155792236,5.152763828676656,-81.4,0.4898979485566356,-82.0,-81.0,1.0,-81.0,-82.0,-81.0,1.0,0.041666666666666664,0.7083333333333334,0.840593375076334,1.0,128.0,0.0,128.0,128.0,1.0,0.0,1.0,0.20215688149134317,0.12988255494495785,0.5128631591796875
empty,0,empty_02.csv,./empty/empty_02.csv,2,0EA06D7AA587,shifted,1777282619.388835,1777282624.388835,22,4.516551971435547,4.870972400879402,-81.22727272727273,0.5978612017257231,-82.0,-80.0,2.0,-81.0,-82.0,-81.0,1.0,0.0,0.6666666666666666,0.816496580927726,1.0,128.0,0.0,128.0,128.0,1.0,0.0,1.0,0.21507390340169272,0.1277843807585453,0.5128631591796875
empty,0,empty_03.csv,./empty/empty_03.csv,3,0EA06D7AA587,shifted,1777282653.6767879,1777282658.6767879,23,4.913946151733398,4.680555970660511,-81.73913043478261,0.43910891036356864,-82.0,-81.0,1.0,-82.0,-82.0,-81.5,0.5,0.045454545454545456,0.4090909090909091,0.6379849476190091,1.0,128.0,0.0,128.0,128.0,1.0,0.0,1.0,0.22336118871515448,0.168857703508877,0.7247700691223145
empty,0,empty_03.csv,./empty/empty_03.csv,3,0EA06D7AA587,shifted,1777282656.1767879,1777282661.1767879,21,4.825114965438843,4.352227905535522,-81.57142857142857,0.5832118435198044,-83.0,-81.0,2.0,-82.0,-82.0,-81.0,1.0,0.0,0.5,0.8366600265340756,2.0,128.0,0.0,128.0,128.0,1.0,0.0,1.0,0.24125574827194213,0.20470761095618464,0.6995458602905273
empty,0,empty_03.csv,./empty/empty_03.csv,3,0EA06D7AA587,shifted,1777282658.6767879,1777282663.6767879,19,4.4909141063690186,4.230764505839509,-81.47368421052632,0.5954583420518296,-83.0,-81.0,2.0,-81.0,-82.0,-81.0,1.0,0.0,0.6666666666666666,0.9428090415820634,2.0,128.0,0.0,128.0,128.0,1.0,0.0,1.0,0.24949522813161215,0.18416555239815094,0.6995458602905273
empty,0,empty_03.csv,./empty/empty_03.csv,3,0EA06D7AA587,shifted,1777282661.1767879,1777282666.1767879,23,4.355143308639526,5.281112094376709,-81.43478260869566,0.4957284456952775,-82.0,-81.0,1.0,-81.0,-82.0,-81.0,1.0,0.0,0.5454545454545454,0.7385489458759964,1.0,128.0,0.0,128.0,128.0,1.0,0.0,1.0,0.19796105948361484,0.1441952461699258,0.4665348529815674
empty,0,empty_03.csv,./empty/empty_03.csv,3,0EA06D7AA587,shifted,1777282663.6767879,1777282668.6767879,27,4.928456783294678,5.478388304330524,-81.51851851851852,0.6869347033700521,-83.0,-81.0,2.0,-81.0,-82.0,-81.0,1.0,-0.07692307692307693,0.6153846153846154,0.8736782070461959,2.0,128.0,0.0,128.0,128.0,1.0,0.0,1.0,0.18955603012671837,0.15249715613592046,0.4665348529815674
empty,0,empty_03.csv,./empty/empty_03.csv,3,0EA06D7AA587,shifted,1777282666.1767879,1777282671.1767879,29,4.76790714263916,6.082333219255555,-81.6896551724138,0.6999235562132565,-83.0,-81.0,2.0,-82.0,-82.0,-81.0,1.0,0.07142857142857142,0.5714285714285714,0.842130437325114,2.0,128.0,0.0,128.0,128.0,1.0,0.0,1.0,0.17028239795139857,0.12523549471194642,0.5161218643188477
empty,0,empty_03.csv,./empty/empty_03.csv,3,0EA06D7AA587,shifted,1777282668.6767879,1777282673.6767879,21,4.790930986404419,4.383281675230402,-81.66666666666667,0.5634361698190111,-83.0,-81.0,2.0,-82.0,-82.0,-81.0,1.0,0.0,0.5,0.7745966692414834,2.0,128.0,0.0,128.0,128.0,1.0,0.0,1.0,0.23954654932022096,0.14791679110941108,0.5161218643188477
empty,0,empty_03.csv,./empty/empty_03.csv,3,0EA06D7AA587,shifted,1777282671.1767879,1777282676.1767879,20,4.503623008728027,4.44086904282174,-81.8,0.5099019513592784,-83.0,-81.0,2.0,-82.0,-82.0,-81.75,0.25,-0.05263157894736842,0.47368421052631576,0.7590634264134716,2.0,128.0,0.0,128.0,128.0,1.0,0.0,1.0,0.23703278993305407,0.13155284374857037,0.455456018447876
empty,0,empty_03.csv,./empty/empty_03.csv,3,0EA06D7AA587,shifted,1777282673.6767879,1777282678.6767879,25,4.72303318977356,5.2932086215550385,-81.64,0.6248199740725324,-83.0,-80.0,3.0,-82.0,-82.0,-81.0,1.0,0.0,0.75,0.9574271077563381,2.0,128.0,0.0,128.0,128.0,1.0,0.0,1.0,0.19679304957389832,0.11023325984778878,0.4145941734313965
empty,0,empty_03.csv,./empty/empty_03.csv,3,0EA06D7AA587,shifted,1777282676.1767879,1777282681.1767879,23,4.832257032394409,4.759680589383586,-81.34782608695652,0.560178205509788,-82.0,-80.0,2.0,-81.0,-82.0,-81.0,1.0,-0.045454545454545456,0.6818181818181818,0.8778730870830894,2.0,128.0,0.0,128.0,128.0,1.1818181818181819,0.8331955809010619,5.0,0.2196480469270186,0.125080640098393,0.45250511169433594
empty,0,empty_03.csv,./empty/empty_03.csv,3,0EA06D7AA587,shifted,1777282678.6767879,1777282683.6767879,23,4.335129022598267,5.305493765030992,-81.47826086956522,0.5800723506141885,-83.0,-81.0,2.0,-81.0,-82.0,-81.0,1.0,-0.045454545454545456,0.6818181818181818,0.8778730870830893,2.0,128.0,0.0,128.0,128.0,1.1818181818181819,0.833195580901062,5.0,0.19705131920901212,0.11917022642982886,0.45250511169433594
empty,0,empty_03.csv,./empty/empty_03.csv,3,0EA06D7AA587,shifted,1777282681.1767879,1777282686.1767879,27,4.536726951599121,5.95142716060594,-81.74074074074075,0.5832598425193933,-83.0,-81.0,2.0,-82.0,-82.0,-81.0,1.0,-0.038461538461538464,0.6538461538461539,0.8539847427374815,2.0,128.0,0.0,128.0,128.0,1.0,0.0,1.0,0.17448949813842773,0.12837033096796366,0.6088929176330566
empty,0,empty_04.csv,./empty/empty_04.csv,4,0EA06D7AA587,shifted,1777282698.8331609,1777282703.8331609,24,4.791926145553589,5.0084244353952565,-81.75,0.4330127018922193,-82.0,-81.0,1.0,-82.0,-82.0,-81.75,0.25,-0.043478260869565216,0.4782608695652174,0.6901959941907627,1.0,128.0,0.0,128.0,128.0,1.0,0.0,1.0,0.2083446150240691,0.15982306413784514,0.7202177047729492
empty,0,empty_04.csv,./empty/empty_04.csv,4,0EA06D7AA587,shifted,1777282701.3331609,1777282706.3331609,23,4.760174036026001,4.831756113522562,-81.82608695652173,0.5635426694267703,-83.0,-81.0,2.0,-82.0,-82.0,-81.5,0.5,0.045454545454545456,0.5909090909090909,0.7673610461879151,1.0,128.0,0.0,128.0,128.0,1.0,0.0,1.0,0.21637154709209094,0.1788115398104541,0.7202177047729492
empty,0,empty_04.csv,./empty/empty_04.csv,4,0EA06D7AA587,shifted,1777282703.8331609,1777282708.8331609,22,4.504065036773682,4.884476538500181,-81.9090909090909,0.6680426571226848,-83.0,-81.0,2.0,-82.0,-82.0,-81.25,0.75,-0.047619047619047616,0.7142857142857143,0.8984743935292003,2.0,128.0,0.0,128.0,128.0,1.0,0.0,1.0,0.21447928746541342,0.18015760022960797,0.6821370124816895
empty,0,empty_04.csv,./empty/empty_04.csv,4,0EA06D7AA587,shifted,1777282706.3331609,1777282711.3331609,23,4.710971355438232,4.8822203033455835,-82.0,0.659380473395787,-83.0,-81.0,2.0,-82.0,-82.0,-82.0,0.0,-0.09090909090909091,0.6363636363636364,0.8479435502808013,2.0,128.0,0.0,128.0,128.0,1.0,0.0,1.0,0.21413506161082874,0.18699647788759188,0.6821370124816895
empty,0,empty_04.csv,./empty/empty_04.csv,4,0EA06D7AA587,shifted,1777282708.8331609,1777282713.8331609,22,4.708823204040527,4.672080272863575,-81.95454545454545,0.6379849476190091,-83.0,-81.0,2.0,-82.0,-82.0,-82.0,0.0,0.047619047619047616,0.6190476190476191,0.8438116736509215,2.0,128.0,0.0,128.0,128.0,1.0,0.0,1.0,0.22422967638288224,0.2136600514490964,1.0236687660217285
empty,0,empty_04.csv,./empty/empty_04.csv,4,0EA06D7AA587,shifted,1777282711.3331609,1777282716.3331609,22,4.899647235870361,4.490119174078044,-81.77272727272727,0.5162643950727522,-83.0,-81.0,2.0,-82.0,-82.0,-81.25,0.75,0.0,0.6666666666666666,0.8728715609439694,2.0,128.0,0.0,128.0,128.0,1.0,0.0,1.0,0.23331653504144578,0.22441998723797674,1.0236687660217285
empty,0,empty_04.csv,./empty/empty_04.csv,4,0EA06D7AA587,shifted,1777282713.8331609,1777282718.8331609,26,4.823616981506348,5.390146045940938,-81.92307692307692,0.6749972605686247,-84.0,-81.0,3.0,-82.0,-82.0,-82.0,0.0,-0.04,0.68,0.9583318840568752,2.0,128.0,0.0,128.0,128.0,1.0,0.0,1.0,0.1929446792602539,0.14143486548631493,0.5713720321655273
empty,0,empty_04.csv,./empty/empty_04.csv,4,0EA06D7AA587,shifted,1777282716.3331609,1777282721.3331609,22,3.956003189086914,5.561168418844937,-81.86363636363636,0.8143851303258599,-84.0,-81.0,3.0,-82.0,-82.0,-81.0,1.0,0.047619047619047616,0.8095238095238095,1.0900498230723425,2.0,128.0,0.0,128.0,128.0,1.0,0.0,1.0,0.188381104242234,0.1120430420396456,0.4554331302642822
empty,0,empty_04.csv,./empty/empty_04.csv,4,0EA06D7AA587,shifted,1777282718.8331609,1777282723.8331609,20,4.711986064910889,4.244494725681713,-81.9,0.6244997998398398,-83.0,-81.0,2.0,-82.0,-82.0,-81.75,0.25,0.0,0.5263157894736842,0.7947194142390263,2.0,128.0,0.0,128.0,128.0,1.0,0.0,1.0,0.2479992665742573,0.24584185224747715,1.023472785949707
empty,0,empty_04.csv,./empty/empty_04.csv,4,0EA06D7AA587,shifted,1777282721.3331609,1777282726.3331609,23,4.71299934387207,4.880119499678061,-82.08695652173913,0.4078622399846461,-83.0,-81.0,2.0,-82.0,-82.0,-82.0,0.0,0.0,0.36363636363636365,0.6030226891555273,1.0,128.0,0.0,128.0,128.0,1.0,0.0,1.0,0.2142272429032759,0.160890689163188,0.6779029369354248
empty,0,empty_04.csv,./empty/empty_04.csv,4,0EA06D7AA587,shifted,1777282723.8331609,1777282728.8331609,25,4.686141014099121,5.334880005698267,-82.04,0.5276362383309168,-83.0,-81.0,2.0,-82.0,-82.0,-82.0,0.0,-0.041666666666666664,0.375,0.6757197808427856,2.0,128.0,0.0,128.0,128.0,1.0,0.0,1.0,0.19525587558746338,0.1370457082166562,0.5436310768127441
